GEOID,tract_name,total_population,black_alone,pct_black,white_alone,pct_white,asian_alone,pct_asian,hispanic_latino,pct_hispanic,median_household_income,below_poverty,pct_poverty
42101000101,Census Tract 1.01; Philadelphia County; Pennsylvania,1947,31,1.6,1665,85.5,101,5.2,248,12.7,117250,14,0.7
42101000102,Census Tract 1.02; Philadelphia County; Pennsylvania,2897,117,4.0,2565,88.5,116,4.0,104,3.6,94974,194,6.8
42101000200,Census Tract 2; Philadelphia County; Pennsylvania,3486,174,5.0,1411,40.5,1724,49.5,174,5.0,98994,648,19.2
42101000300,Census Tract 3; Philadelphia County; Pennsylvania,3914,346,8.8,2361,60.3,758,19.4,230,5.9,95234,299,8.3
42101000401,Census Tract 4.01; Philadelphia County; Pennsylvania,2675,420,15.7,1542,57.6,563,21.0,97,3.6,86293,508,19.3
42101000403,Census Tract 4.03; Philadelphia County; Pennsylvania,1047,29,2.8,878,83.9,90,8.6,68,6.5,181066,69,6.6
42101000404,Census Tract 4.04; Philadelphia County; Pennsylvania,3130,200,6.4,2481,79.3,317,10.1,31,1.0,90980,196,6.3
42101000500,Census Tract 5; Philadelphia County; Pennsylvania,3057,911,29.8,1335,43.7,507,16.6,299,9.8,69267,422,21.8
42101000600,Census Tract 6; Philadelphia County; Pennsylvania,1536,192,12.5,989,64.4,325,21.2,109,7.1,97794,147,9.8
42101000701,Census Tract 7.01; Philadelphia County; Pennsylvania,1807,4,0.2,1440,79.7,341,18.9,104,5.8,86809,255,14.2
42101000702,Census Tract 7.02; Philadelphia County; Pennsylvania,2248,23,1.0,1112,49.5,740,32.9,213,9.5,79926,154,6.9
42101000801,Census Tract 8.01; Philadelphia County; Pennsylvania,1735,33,1.9,1301,75.0,161,9.3,62,3.6,126726,92,5.4
42101000803,Census Tract 8.03; Philadelphia County; Pennsylvania,2998,70,2.3,2407,80.3,288,9.6,183,6.1,82112,343,11.4
42101000805,Census Tract 8.05; Philadelphia County; Pennsylvania,2582,43,1.7,1914,74.1,411,15.9,94,3.6,84773,156,6.1
42101000806,Census Tract 8.06; Philadelphia County; Pennsylvania,2253,62,2.8,1809,80.3,271,12.0,106,4.7,180504,299,13.3
42101000901,Census Tract 9.01; Philadelphia County; Pennsylvania,2166,406,18.7,1349,62.3,296,13.7,90,4.2,44926,604,27.9
42101000902,Census Tract 9.02; Philadelphia County; Pennsylvania,2736,158,5.8,1947,71.2,477,17.4,132,4.8,89063,273,12.6
42101001001,Census Tract 10.01; Philadelphia County; Pennsylvania,2717,26,1.0,2516,92.6,72,2.6,86,3.2,123935,148,5.4
42101001002,Census Tract 10.02; Philadelphia County; Pennsylvania,3583,34,0.9,3092,86.3,401,11.2,56,1.6,144922,159,4.5
42101001101,Census Tract 11.01; Philadelphia County; Pennsylvania,4598,669,14.5,2890,62.9,371,8.1,335,7.3,58557,936,22.3
42101001102,Census Tract 11.02; Philadelphia County; Pennsylvania,2722,185,6.8,2112,77.6,140,5.1,147,5.4,107470,138,5.1
42101001201,Census Tract 12.01; Philadelphia County; Pennsylvania,4323,197,4.6,3520,81.4,175,4.0,195,4.5,116935,337,7.8
42101001203,Census Tract 12.03; Philadelphia County; Pennsylvania,1949,36,1.8,1657,85.0,199,10.2,238,12.2,105320,134,6.9
42101001204,Census Tract 12.04; Philadelphia County; Pennsylvania,3134,55,1.8,2597,82.9,195,6.2,158,5.0,88583,377,13.1
42101001301,Census Tract 13.01; Philadelphia County; Pennsylvania,1867,623,33.4,861,46.1,140,7.5,93,5.0,132344,217,11.6
42101001302,Census Tract 13.02; Philadelphia County; Pennsylvania,4762,694,14.6,3558,74.7,311,6.5,172,3.6,112892,162,3.4
42101001400,Census Tract 14; Philadelphia County; Pennsylvania,4001,922,23.0,2590,64.7,69,1.7,119,3.0,89775,515,12.9
42101001500,Census Tract 15; Philadelphia County; Pennsylvania,3251,598,18.4,2185,67.2,266,8.2,155,4.8,110859,199,6.1
42101001600,Census Tract 16; Philadelphia County; Pennsylvania,2428,109,4.5,2144,88.3,120,4.9,69,2.8,146071,148,6.1
42101001700,Census Tract 17; Philadelphia County; Pennsylvania,2978,156,5.2,2096,70.4,101,3.4,89,3.0,131635,162,5.4
42101001800,Census Tract 18; Philadelphia County; Pennsylvania,3300,366,11.1,2494,75.6,185,5.6,128,3.9,114063,136,4.1
42101001900,Census Tract 19; Philadelphia County; Pennsylvania,3643,856,23.5,2083,57.2,498,13.7,166,4.6,138500,511,14.0
42101002000,Census Tract 20; Philadelphia County; Pennsylvania,2028,821,40.5,704,34.7,229,11.3,43,2.1,103611,160,7.9
42101002100,Census Tract 21; Philadelphia County; Pennsylvania,2363,870,36.8,1058,44.8,282,11.9,37,1.6,102969,208,8.8
42101002200,Census Tract 22; Philadelphia County; Pennsylvania,2418,1036,42.8,974,40.3,94,3.9,222,9.2,68412,708,29.9
42101002300,Census Tract 23; Philadelphia County; Pennsylvania,2971,22,0.7,2252,75.8,419,14.1,287,9.7,106389,160,5.4
42101002400,Census Tract 24; Philadelphia County; Pennsylvania,4707,293,6.2,3663,77.8,376,8.0,317,6.7,98015,702,14.9
42101002500,Census Tract 25; Philadelphia County; Pennsylvania,4349,836,19.2,2608,60.0,535,12.3,184,4.2,83576,808,18.6
42101002701,Census Tract 27.01; Philadelphia County; Pennsylvania,3821,329,8.6,2489,65.1,421,11.0,596,15.6,91078,545,14.3
42101002702,Census Tract 27.02; Philadelphia County; Pennsylvania,4407,302,6.9,3386,76.8,91,2.1,346,7.9,95745,238,5.4
42101002801,Census Tract 28.01; Philadelphia County; Pennsylvania,4234,183,4.3,2311,54.6,933,22.0,1068,25.2,71352,850,20.1
42101002802,Census Tract 28.02; Philadelphia County; Pennsylvania,5720,383,6.7,3691,64.5,1103,19.3,759,13.3,78871,1047,18.3
42101002900,Census Tract 29; Philadelphia County; Pennsylvania,3891,137,3.5,2727,70.1,332,8.5,349,9.0,93631,405,10.4
42101003001,Census Tract 30.01; Philadelphia County; Pennsylvania,3431,559,16.3,1119,32.6,1261,36.8,291,8.5,59583,693,20.2
42101003002,Census Tract 30.02; Philadelphia County; Pennsylvania,3171,1210,38.2,1156,36.5,346,10.9,453,14.3,74213,853,26.9
42101003100,Census Tract 31; Philadelphia County; Pennsylvania,5017,2658,53.0,1673,33.3,0,0.0,696,13.9,78270,988,19.7
42101003200,Census Tract 32; Philadelphia County; Pennsylvania,4196,2388,56.9,998,23.8,229,5.5,428,10.2,58920,513,12.5
42101003300,Census Tract 33; Philadelphia County; Pennsylvania,6286,2706,43.0,2572,40.9,456,7.3,1053,16.8,56923,1879,29.9
42101003600,Census Tract 36; Philadelphia County; Pennsylvania,6915,4196,60.7,1194,17.3,1232,17.8,250,3.6,40271,1873,27.7
42101003701,Census Tract 37.01; Philadelphia County; Pennsylvania,5396,2450,45.4,1265,23.4,1145,21.2,482,8.9,59837,854,15.9
42101003702,Census Tract 37.02; Philadelphia County; Pennsylvania,3742,1402,37.5,1045,27.9,946,25.3,43,1.1,49493,610,16.3
42101003800,Census Tract 38; Philadelphia County; Pennsylvania,3851,45,1.2,3398,88.2,204,5.3,253,6.6,90221,247,6.4
42101003901,Census Tract 39.01; Philadelphia County; Pennsylvania,5813,471,8.1,3887,66.9,938,16.1,531,9.1,61984,827,14.3
42101003902,Census Tract 39.02; Philadelphia County; Pennsylvania,5419,0,0.0,4906,90.5,153,2.8,131,2.4,78582,607,11.2
42101004001,Census Tract 40.01; Philadelphia County; Pennsylvania,4029,140,3.5,3223,80.0,289,7.2,387,9.6,61583,840,20.8
42101004002,Census Tract 40.02; Philadelphia County; Pennsylvania,5272,287,5.4,4024,76.3,546,10.4,129,2.4,82834,542,10.3
42101004101,Census Tract 41.01; Philadelphia County; Pennsylvania,5001,451,9.0,2145,42.9,1508,30.2,1406,28.1,67992,528,10.6
42101004103,Census Tract 41.03; Philadelphia County; Pennsylvania,5000,83,1.7,1258,25.2,1436,28.7,2605,52.1,51450,1938,39.4
42101004104,Census Tract 41.04; Philadelphia County; Pennsylvania,3697,24,0.6,1679,45.4,1415,38.3,931,25.2,66648,938,25.4
42101004201,Census Tract 42.01; Philadelphia County; Pennsylvania,4916,107,2.2,2901,59.0,1436,29.2,476,9.7,88095,804,16.4
42101004202,Census Tract 42.02; Philadelphia County; Pennsylvania,5522,234,4.2,3890,70.4,863,15.6,1049,19.0,68419,1189,22.3
42101005400,Census Tract 54; Philadelphia County; Pennsylvania,1739,1382,79.5,319,18.3,19,1.1,52,3.0,60000,515,29.6
42101005500,Census Tract 55; Philadelphia County; Pennsylvania,5897,4741,80.4,532,9.0,172,2.9,311,5.3,62616,1417,24.3
42101005600,Census Tract 56; Philadelphia County; Pennsylvania,1138,993,87.3,50,4.4,7,0.6,48,4.2,34523,239,21.0
42101006000,Census Tract 60; Philadelphia County; Pennsylvania,6440,4798,74.5,579,9.0,237,3.7,391,6.1,46446,1413,22.5
42101006100,Census Tract 61; Philadelphia County; Pennsylvania,2919,2439,83.6,185,6.3,268,9.2,0,0.0,41325,616,21.1
42101006200,Census Tract 62; Philadelphia County; Pennsylvania,4394,3863,87.9,212,4.8,300,6.8,39,0.9,45502,605,13.8
42101006300,Census Tract 63; Philadelphia County; Pennsylvania,4415,3634,82.3,182,4.1,273,6.2,326,7.4,32347,1740,39.5
42101006400,Census Tract 64; Philadelphia County; Pennsylvania,4717,3499,74.2,250,5.3,96,2.0,368,7.8,38032,1730,37.1
42101006500,Census Tract 65; Philadelphia County; Pennsylvania,4672,4299,92.0,123,2.6,0,0.0,310,6.6,43081,904,19.5
42101006600,Census Tract 66; Philadelphia County; Pennsylvania,3396,2869,84.5,151,4.4,271,8.0,45,1.3,32946,1120,33.2
42101006700,Census Tract 67; Philadelphia County; Pennsylvania,7868,6692,85.1,154,2.0,600,7.6,113,1.4,41581,2055,26.2
42101007000,Census Tract 70; Philadelphia County; Pennsylvania,3521,3084,87.6,48,1.4,0,0.0,158,4.5,38158,507,14.4
42101007101,Census Tract 71.01; Philadelphia County; Pennsylvania,2317,2130,91.9,153,6.6,34,1.5,0,0.0,40046,682,30.3
42101007102,Census Tract 71.02; Philadelphia County; Pennsylvania,4584,4267,93.1,146,3.2,0,0.0,168,3.7,34291,1299,28.6
42101007200,Census Tract 72; Philadelphia County; Pennsylvania,4525,3684,81.4,99,2.2,104,2.3,306,6.8,41226,1533,34.0
42101007300,Census Tract 73; Philadelphia County; Pennsylvania,3295,2286,69.4,602,18.3,171,5.2,39,1.2,61488,356,10.8
42101007400,Census Tract 74; Philadelphia County; Pennsylvania,3955,2646,66.9,364,9.2,150,3.8,34,0.9,39547,1067,27.4
42101007700,Census Tract 77; Philadelphia County; Pennsylvania,1815,364,20.1,984,54.2,273,15.0,97,5.3,48581,265,22.4
42101007800,Census Tract 78; Philadelphia County; Pennsylvania,4191,674,16.1,2703,64.5,387,9.2,250,6.0,61205,1239,30.7
42101007900,Census Tract 79; Philadelphia County; Pennsylvania,3952,732,18.5,2370,60.0,340,8.6,218,5.5,79800,525,13.3
42101008000,Census Tract 80; Philadelphia County; Pennsylvania,3867,2743,70.9,767,19.8,27,0.7,57,1.5,63906,893,23.2
42101008101,Census Tract 81.01; Philadelphia County; Pennsylvania,3119,2805,89.9,286,9.2,0,0.0,41,1.3,48803,1022,32.8
42101008102,Census Tract 81.02; Philadelphia County; Pennsylvania,4902,3441,70.2,873,17.8,28,0.6,79,1.6,45888,783,16.2
42101008200,Census Tract 82; Philadelphia County; Pennsylvania,7503,6984,93.1,449,6.0,0,0.0,537,7.2,32333,2448,32.9
42101008301,Census Tract 83.01; Philadelphia County; Pennsylvania,4111,3610,87.8,139,3.4,0,0.0,298,7.2,38713,1131,30.7
42101008302,Census Tract 83.02; Philadelphia County; Pennsylvania,4844,4425,91.4,112,2.3,230,4.7,151,3.1,30922,1459,30.1
42101008400,Census Tract 84; Philadelphia County; Pennsylvania,5403,4584,84.8,92,1.7,194,3.6,28,0.5,47008,1374,25.5
42101008500,Census Tract 85; Philadelphia County; Pennsylvania,6515,5436,83.4,660,10.1,120,1.8,75,1.2,45397,1957,30.0
42101008601,Census Tract 86.01; Philadelphia County; Pennsylvania,3376,749,22.2,1889,56.0,204,6.0,316,9.4,79367,505,15.4
42101008602,Census Tract 86.02; Philadelphia County; Pennsylvania,3168,1918,60.5,863,27.2,273,8.6,98,3.1,31342,802,25.3
42101008701,Census Tract 87.01; Philadelphia County; Pennsylvania,3374,261,7.7,2111,62.6,723,21.4,119,3.5,59722,571,16.9
42101008702,Census Tract 87.02; Philadelphia County; Pennsylvania,2836,399,14.1,1601,56.5,536,18.9,226,8.0,36071,828,31.9
42101008801,Census Tract 88.01; Philadelphia County; Pennsylvania,2231,269,12.1,840,37.7,590,26.4,446,20.0,36574,295,44.0
42101008802,Census Tract 88.02; Philadelphia County; Pennsylvania,6156,1142,18.6,2886,46.9,1571,25.5,801,13.0,21064,2019,63.9
42101009000,Census Tract 90; Philadelphia County; Pennsylvania,7375,1175,15.9,4441,60.2,1350,18.3,315,4.3,37674,1722,53.8
42101009100,Census Tract 91; Philadelphia County; Pennsylvania,2962,915,30.9,986,33.3,752,25.4,201,6.8,27266,1427,48.3
42101009200,Census Tract 92; Philadelphia County; Pennsylvania,3444,1829,53.1,697,20.2,644,18.7,141,4.1,43839,963,28.0
42101009300,Census Tract 93; Philadelphia County; Pennsylvania,5200,4562,87.7,232,4.5,254,4.9,123,2.4,33509,1328,25.5
42101009400,Census Tract 94; Philadelphia County; Pennsylvania,3864,3570,92.4,43,1.1,0,0.0,40,1.0,26338,1387,35.9
42101009500,Census Tract 95; Philadelphia County; Pennsylvania,3755,3721,99.1,34,0.9,0,0.0,0,0.0,34652,1349,35.9
42101009600,Census Tract 96; Philadelphia County; Pennsylvania,3528,3336,94.6,0,0.0,6,0.2,461,13.1,50786,485,13.7
42101009801,Census Tract 98.01; Philadelphia County; Pennsylvania,2563,2210,86.2,169,6.6,76,3.0,24,0.9,71029,387,15.1
42101009802,Census Tract 98.02; Philadelphia County; Pennsylvania,5787,4923,85.1,262,4.5,0,0.0,516,8.9,72365,1142,19.7
42101010000,Census Tract 100; Philadelphia County; Pennsylvania,5306,4715,88.9,277,5.2,31,0.6,83,1.6,51734,1185,22.6
42101010100,Census Tract 101; Philadelphia County; Pennsylvania,6303,6064,96.2,99,1.6,0,0.0,23,0.4,44144,1058,16.8
42101010200,Census Tract 102; Philadelphia County; Pennsylvania,3427,3251,94.9,157,4.6,0,0.0,213,6.2,29375,1219,35.8
42101010300,Census Tract 103; Philadelphia County; Pennsylvania,2632,2576,97.9,46,1.7,0,0.0,20,0.8,33420,1057,40.2
42101010400,Census Tract 104; Philadelphia County; Pennsylvania,3551,2880,81.1,149,4.2,0,0.0,99,2.8,33804,1149,34.6
42101010500,Census Tract 105; Philadelphia County; Pennsylvania,4251,3772,88.7,216,5.1,130,3.1,200,4.7,37708,1063,29.1
42101010600,Census Tract 106; Philadelphia County; Pennsylvania,1799,1461,81.2,138,7.7,73,4.1,96,5.3,25000,684,38.9
42101010700,Census Tract 107; Philadelphia County; Pennsylvania,3255,2696,82.8,260,8.0,0,0.0,78,2.4,37917,1026,31.6
42101010800,Census Tract 108; Philadelphia County; Pennsylvania,4532,3382,74.6,388,8.6,182,4.0,178,3.9,29142,2206,48.7
42101010900,Census Tract 109; Philadelphia County; Pennsylvania,2717,2117,77.9,430,15.8,95,3.5,60,2.2,31341,1066,39.2
42101011000,Census Tract 110; Philadelphia County; Pennsylvania,2729,2340,85.7,231,8.5,14,0.5,106,3.9,14983,1466,53.7
42101011100,Census Tract 111; Philadelphia County; Pennsylvania,4049,3848,95.0,83,2.0,0,0.0,52,1.3,45519,1104,27.7
42101011200,Census Tract 112; Philadelphia County; Pennsylvania,5307,5065,95.4,49,0.9,0,0.0,109,2.1,28393,2289,43.7
42101011300,Census Tract 113; Philadelphia County; Pennsylvania,3822,3678,96.2,83,2.2,0,0.0,22,0.6,38858,1265,33.1
42101011400,Census Tract 114; Philadelphia County; Pennsylvania,6843,6440,94.1,309,4.5,5,0.1,69,1.0,40497,2094,30.8
42101011500,Census Tract 115; Philadelphia County; Pennsylvania,4881,4279,87.7,357,7.3,0,0.0,133,2.7,81154,697,14.3
42101011700,Census Tract 117; Philadelphia County; Pennsylvania,2009,723,36.0,938,46.7,247,12.3,48,2.4,103750,241,24.8
42101011800,Census Tract 118; Philadelphia County; Pennsylvania,5048,4826,95.6,27,0.5,83,1.6,13,0.3,41649,1718,34.0
42101011900,Census Tract 119; Philadelphia County; Pennsylvania,5570,5014,90.0,340,6.1,0,0.0,67,1.2,61311,1168,21.3
42101012000,Census Tract 120; Philadelphia County; Pennsylvania,1917,888,46.3,615,32.1,181,9.4,137,7.1,65331,192,13.7
42101012100,Census Tract 121; Philadelphia County; Pennsylvania,3052,2223,72.8,609,20.0,51,1.7,69,2.3,51555,450,16.9
42101012201,Census Tract 122.01; Philadelphia County; Pennsylvania,2954,1346,45.6,722,24.4,365,12.4,348,11.8,39608,669,22.6
42101012203,Census Tract 122.03; Philadelphia County; Pennsylvania,1074,320,29.8,239,22.3,293,27.3,122,11.4,63750,279,26.0
42101012204,Census Tract 122.04; Philadelphia County; Pennsylvania,3915,3043,77.7,532,13.6,162,4.1,88,2.2,48000,694,19.5
42101012501,Census Tract 125.01; Philadelphia County; Pennsylvania,2235,265,11.9,1365,61.1,393,17.6,132,5.9,79694,248,13.1
42101012502,Census Tract 125.02; Philadelphia County; Pennsylvania,3743,511,13.7,2260,60.4,733,19.6,240,6.4,88936,595,15.9
42101013100,Census Tract 131; Philadelphia County; Pennsylvania,1871,1078,57.6,627,33.5,100,5.3,126,6.7,32083,693,37.3
42101013200,Census Tract 132; Philadelphia County; Pennsylvania,2957,1508,51.0,914,30.9,203,6.9,423,14.3,41898,1028,37.5
42101013300,Census Tract 133; Philadelphia County; Pennsylvania,3500,742,21.2,1865,53.3,287,8.2,566,16.2,88264,401,11.5
42101013401,Census Tract 134.01; Philadelphia County; Pennsylvania,2974,272,9.1,2560,86.1,56,1.9,67,2.3,126333,234,7.9
42101013402,Census Tract 134.02; Philadelphia County; Pennsylvania,2929,165,5.6,2280,77.8,109,3.7,400,13.7,89669,403,13.8
42101013500,Census Tract 135; Philadelphia County; Pennsylvania,4078,590,14.5,3303,81.0,137,3.4,204,5.0,143636,177,4.3
42101013601,Census Tract 136.01; Philadelphia County; Pennsylvania,2882,160,5.6,2272,78.8,205,7.1,163,5.7,107019,239,8.3
42101013602,Census Tract 136.02; Philadelphia County; Pennsylvania,3975,261,6.6,3053,76.8,243,6.1,257,6.5,116375,168,4.2
42101013701,Census Tract 137.01; Philadelphia County; Pennsylvania,1753,592,33.8,869,49.6,171,9.8,92,5.2,92337,158,9.0
42101013702,Census Tract 137.02; Philadelphia County; Pennsylvania,4189,2222,53.0,1636,39.1,109,2.6,350,8.4,76000,1287,30.7
42101013800,Census Tract 138; Philadelphia County; Pennsylvania,2077,1292,62.2,561,27.0,66,3.2,121,5.8,68864,192,9.2
42101013900,Census Tract 139; Philadelphia County; Pennsylvania,2585,1334,51.6,1058,40.9,7,0.3,545,21.1,41042,722,32.8
42101014000,Census Tract 140; Philadelphia County; Pennsylvania,5753,2487,43.2,2311,40.2,358,6.2,334,5.8,59375,1585,27.6
42101014100,Census Tract 141; Philadelphia County; Pennsylvania,2982,1511,50.7,783,26.3,427,14.3,223,7.5,21081,1302,43.7
42101014201,Census Tract 142.01; Philadelphia County; Pennsylvania,3295,188,5.7,2656,80.6,179,5.4,301,9.1,126809,76,2.3
42101014202,Census Tract 142.02; Philadelphia County; Pennsylvania,2273,139,6.1,1775,78.1,130,5.7,213,9.4,127774,39,1.7
42101014300,Census Tract 143; Philadelphia County; Pennsylvania,1979,147,7.4,1658,83.8,128,6.5,91,4.6,118239,160,8.1
42101014400,Census Tract 144; Philadelphia County; Pennsylvania,5346,253,4.7,3296,61.7,609,11.4,1315,24.6,131027,613,11.5
42101014500,Census Tract 145; Philadelphia County; Pennsylvania,2218,1542,69.5,202,9.1,79,3.6,341,15.4,33550,434,20.9
42101014600,Census Tract 146; Philadelphia County; Pennsylvania,4745,1924,40.5,1772,37.3,702,14.8,191,4.0,39583,810,32.2
42101014700,Census Tract 147; Philadelphia County; Pennsylvania,3311,1279,38.6,1307,39.5,282,8.5,311,9.4,18041,2326,75.3
42101014800,Census Tract 148; Philadelphia County; Pennsylvania,898,601,66.9,42,4.7,176,19.6,12,1.3,-666666666,317,35.3
42101014900,Census Tract 149; Philadelphia County; Pennsylvania,4318,3399,78.7,202,4.7,37,0.9,436,10.1,29458,1902,44.0
42101015101,Census Tract 151.01; Philadelphia County; Pennsylvania,2161,1929,89.3,143,6.6,42,1.9,161,7.5,45963,626,29.9
42101015102,Census Tract 151.02; Philadelphia County; Pennsylvania,4930,4614,93.6,53,1.1,32,0.6,126,2.6,23924,1841,37.6
42101015200,Census Tract 152; Philadelphia County; Pennsylvania,5975,4948,82.8,305,5.1,351,5.9,386,6.5,54416,1785,29.9
42101015300,Census Tract 153; Philadelphia County; Pennsylvania,5051,2100,41.6,2171,43.0,476,9.4,341,6.8,28037,1973,46.4
42101015600,Census Tract 156; Philadelphia County; Pennsylvania,1664,434,26.1,570,34.3,8,0.5,913,54.9,43750,794,47.9
42101015700,Census Tract 157; Philadelphia County; Pennsylvania,2493,68,2.7,1568,62.9,129,5.2,803,32.2,82500,524,21.2
42101015800,Census Tract 158; Philadelphia County; Pennsylvania,6849,212,3.1,5588,81.6,212,3.1,1051,15.3,123431,498,7.3
42101016001,Census Tract 160.01; Philadelphia County; Pennsylvania,2585,265,10.3,2300,89.0,0,0.0,46,1.8,93890,331,12.8
42101016002,Census Tract 160.02; Philadelphia County; Pennsylvania,4404,148,3.4,3789,86.0,112,2.5,468,10.6,89100,645,14.7
42101016100,Census Tract 161; Philadelphia County; Pennsylvania,6125,316,5.2,4026,65.7,716,11.7,1252,20.4,102794,774,12.6
42101016200,Census Tract 162; Philadelphia County; Pennsylvania,2324,279,12.0,357,15.4,194,8.3,1694,72.9,34677,480,20.7
42101016300,Census Tract 163; Philadelphia County; Pennsylvania,2615,249,9.5,445,17.0,3,0.1,2189,83.7,38660,674,26.3
42101016400,Census Tract 164; Philadelphia County; Pennsylvania,4019,1171,29.1,290,7.2,135,3.4,2694,67.0,20915,1962,48.8
42101016500,Census Tract 165; Philadelphia County; Pennsylvania,2850,2501,87.8,156,5.5,44,1.5,323,11.3,26172,1293,45.4
42101016600,Census Tract 166; Philadelphia County; Pennsylvania,2244,1595,71.1,255,11.4,332,14.8,75,3.3,57432,785,35.2
42101016701,Census Tract 167.01; Philadelphia County; Pennsylvania,3501,3276,93.6,139,4.0,0,0.0,30,0.9,38973,1031,29.4
42101016702,Census Tract 167.02; Philadelphia County; Pennsylvania,2575,2357,91.5,181,7.0,9,0.3,18,0.7,31618,648,25.9
42101016800,Census Tract 168; Philadelphia County; Pennsylvania,3963,3142,79.3,643,16.2,17,0.4,175,4.4,15267,2069,52.3
42101016901,Census Tract 169.01; Philadelphia County; Pennsylvania,3356,3048,90.8,100,3.0,40,1.2,133,4.0,27479,969,28.9
42101016902,Census Tract 169.02; Philadelphia County; Pennsylvania,3925,3626,92.4,0,0.0,0,0.0,42,1.1,22880,1753,44.7
42101017000,Census Tract 170; Philadelphia County; Pennsylvania,3008,2099,69.8,605,20.1,116,3.9,99,3.3,51989,601,21.9
42101017100,Census Tract 171; Philadelphia County; Pennsylvania,3234,2919,90.3,66,2.0,25,0.8,298,9.2,27112,1178,36.4
42101017201,Census Tract 172.01; Philadelphia County; Pennsylvania,2863,2655,92.7,15,0.5,27,0.9,105,3.7,25865,1064,37.9
42101017202,Census Tract 172.02; Philadelphia County; Pennsylvania,4415,4357,98.7,15,0.3,41,0.9,0,0.0,47102,689,15.6
42101017300,Census Tract 173; Philadelphia County; Pennsylvania,2070,1536,74.2,164,7.9,1,0.0,387,18.7,21210,954,47.0
42101017400,Census Tract 174; Philadelphia County; Pennsylvania,2456,2087,85.0,75,3.1,13,0.5,200,8.1,32948,878,36.5
42101017500,Census Tract 175; Philadelphia County; Pennsylvania,6716,1779,26.5,1519,22.6,0,0.0,4750,70.7,30149,3161,47.2
42101017601,Census Tract 176.01; Philadelphia County; Pennsylvania,5031,500,9.9,1333,26.5,0,0.0,4312,85.7,27088,2207,44.5
42101017602,Census Tract 176.02; Philadelphia County; Pennsylvania,4074,794,19.5,209,5.1,304,7.5,2953,72.5,33750,2159,53.6
42101017701,Census Tract 177.01; Philadelphia County; Pennsylvania,3175,679,21.4,479,15.1,18,0.6,2351,74.0,36694,1328,41.8
42101017702,Census Tract 177.02; Philadelphia County; Pennsylvania,4726,575,12.2,831,17.6,116,2.5,3733,79.0,28750,2902,61.7
42101017800,Census Tract 178; Philadelphia County; Pennsylvania,6592,2149,32.6,1459,22.1,0,0.0,2704,41.0,32009,2668,40.6
42101017900,Census Tract 179; Philadelphia County; Pennsylvania,6675,1295,19.4,2190,32.8,82,1.2,3001,45.0,46950,2639,39.7
42101018001,Census Tract 180.01; Philadelphia County; Pennsylvania,2251,25,1.1,1968,87.4,0,0.0,333,14.8,59531,117,5.2
42101018002,Census Tract 180.02; Philadelphia County; Pennsylvania,5381,76,1.4,4104,76.3,136,2.5,316,5.9,68380,475,8.8
42101018300,Census Tract 183; Philadelphia County; Pennsylvania,3998,4,0.1,3846,96.2,35,0.9,32,0.8,81053,511,12.9
42101018400,Census Tract 184; Philadelphia County; Pennsylvania,2202,1,0.0,2047,93.0,18,0.8,52,2.4,57633,372,17.3
42101018801,Census Tract 188.01; Philadelphia County; Pennsylvania,3794,197,5.2,822,21.7,0,0.0,2893,76.3,20010,2953,78.2
42101018802,Census Tract 188.02; Philadelphia County; Pennsylvania,4262,1417,33.2,903,21.2,0,0.0,3344,78.5,45570,2265,53.2
42101019000,Census Tract 190; Philadelphia County; Pennsylvania,7729,822,10.6,1880,24.3,134,1.7,5675,73.4,45814,2480,32.1
42101019100,Census Tract 191; Philadelphia County; Pennsylvania,8628,1268,14.7,1432,16.6,724,8.4,5930,68.7,65048,2171,25.2
42101019200,Census Tract 192; Philadelphia County; Pennsylvania,8914,1998,22.4,1032,11.6,474,5.3,6168,69.2,23239,3962,45.3
42101019501,Census Tract 195.01; Philadelphia County; Pennsylvania,4615,166,3.6,913,19.8,0,0.0,4086,88.5,23031,2014,43.7
42101019502,Census Tract 195.02; Philadelphia County; Pennsylvania,3901,152,3.9,760,19.5,31,0.8,3590,92.0,28205,2375,62.1
42101019700,Census Tract 197; Philadelphia County; Pennsylvania,6746,1061,15.7,979,14.5,249,3.7,5391,79.9,27979,3793,56.2
42101019800,Census Tract 198; Philadelphia County; Pennsylvania,6456,1585,24.6,735,11.4,332,5.1,4361,67.5,37574,1437,22.3
42101019900,Census Tract 199; Philadelphia County; Pennsylvania,5166,2674,51.8,288,5.6,0,0.0,2785,53.9,25810,2488,48.2
42101020000,Census Tract 200; Philadelphia County; Pennsylvania,1146,622,54.3,67,5.8,163,14.2,235,20.5,17531,444,45.1
42101020101,Census Tract 201.01; Philadelphia County; Pennsylvania,3196,2935,91.8,54,1.7,105,3.3,169,5.3,26256,1033,32.6
42101020102,Census Tract 201.02; Philadelphia County; Pennsylvania,3543,3332,94.0,102,2.9,34,1.0,305,8.6,39288,1269,35.8
42101020200,Census Tract 202; Philadelphia County; Pennsylvania,4252,3435,80.8,253,6.0,0,0.0,167,3.9,34576,824,19.5
42101020300,Census Tract 203; Philadelphia County; Pennsylvania,2564,2242,87.4,88,3.4,41,1.6,160,6.2,41020,560,22.3
42101020400,Census Tract 204; Philadelphia County; Pennsylvania,3981,3571,89.7,48,1.2,0,0.0,227,5.7,43306,1756,45.5
42101020500,Census Tract 205; Philadelphia County; Pennsylvania,3143,2714,86.4,106,3.4,99,3.1,84,2.7,-666666666,700,22.3
42101020600,Census Tract 206; Philadelphia County; Pennsylvania,2009,565,28.1,1118,55.6,108,5.4,223,11.1,62143,231,13.3
42101020701,Census Tract 207.01; Philadelphia County; Pennsylvania,4309,336,7.8,3347,77.7,123,2.9,138,3.2,118915,479,11.1
42101020702,Census Tract 207.02; Philadelphia County; Pennsylvania,2095,264,12.6,1509,72.0,101,4.8,151,7.2,158750,113,7.5
42101020800,Census Tract 208; Philadelphia County; Pennsylvania,2528,812,32.1,1190,47.1,240,9.5,214,8.5,70560,316,14.7
42101020900,Census Tract 209; Philadelphia County; Pennsylvania,3366,426,12.7,2581,76.7,160,4.8,291,8.6,104435,256,7.6
42101021000,Census Tract 210; Philadelphia County; Pennsylvania,5214,333,6.4,4521,86.7,173,3.3,352,6.8,87660,656,12.7
42101021100,Census Tract 211; Philadelphia County; Pennsylvania,2581,215,8.3,1823,70.6,121,4.7,282,10.9,86845,162,6.3
42101021200,Census Tract 212; Philadelphia County; Pennsylvania,2967,274,9.2,2436,82.1,31,1.0,212,7.1,101020,242,8.2
42101021300,Census Tract 213; Philadelphia County; Pennsylvania,3243,383,11.8,2631,81.1,72,2.2,119,3.7,94675,340,10.5
42101021400,Census Tract 214; Philadelphia County; Pennsylvania,3520,239,6.8,3076,87.4,20,0.6,141,4.0,84861,271,7.9
42101021500,Census Tract 215; Philadelphia County; Pennsylvania,3995,704,17.6,2856,71.5,150,3.8,240,6.0,109102,194,4.9
42101021600,Census Tract 216; Philadelphia County; Pennsylvania,2256,114,5.1,1561,69.2,97,4.3,223,9.9,95200,143,6.4
42101021700,Census Tract 217; Philadelphia County; Pennsylvania,5781,529,9.2,4842,83.8,23,0.4,287,5.0,86989,549,9.5
42101021800,Census Tract 218; Philadelphia County; Pennsylvania,4997,1371,27.4,3014,60.3,96,1.9,487,9.7,74242,742,14.8
42101021900,Census Tract 219; Philadelphia County; Pennsylvania,1480,104,7.0,1256,84.9,19,1.3,53,3.6,71250,84,5.7
42101022000,Census Tract 220; Philadelphia County; Pennsylvania,1477,131,8.9,1110,75.2,116,7.9,113,7.7,97321,24,1.8
42101023100,Census Tract 231; Philadelphia County; Pennsylvania,1573,14,0.9,1418,90.1,44,2.8,69,4.4,170625,59,3.8
42101023500,Census Tract 235; Philadelphia County; Pennsylvania,1288,387,30.0,780,60.6,6,0.5,32,2.5,118750,41,3.2
42101023600,Census Tract 236; Philadelphia County; Pennsylvania,2513,975,38.8,1267,50.4,0,0.0,39,1.6,101458,166,7.1
42101023700,Census Tract 237; Philadelphia County; Pennsylvania,4874,2997,61.5,1714,35.2,57,1.2,246,5.0,80891,301,6.4
42101023800,Census Tract 238; Philadelphia County; Pennsylvania,5396,3228,59.8,1351,25.0,47,0.9,534,9.9,59534,1005,19.0
42101023900,Census Tract 239; Philadelphia County; Pennsylvania,1988,1093,55.0,598,30.1,88,4.4,54,2.7,-666666666,200,10.1
42101024000,Census Tract 240; Philadelphia County; Pennsylvania,4009,2150,53.6,1274,31.8,211,5.3,176,4.4,61450,755,18.9
42101024100,Census Tract 241; Philadelphia County; Pennsylvania,1401,1006,71.8,231,16.5,0,0.0,38,2.7,16042,466,38.9
42101024200,Census Tract 242; Philadelphia County; Pennsylvania,4595,3432,74.7,819,17.8,63,1.4,145,3.2,33172,1014,22.1
42101024300,Census Tract 243; Philadelphia County; Pennsylvania,4204,3499,83.2,447,10.6,90,2.1,122,2.9,48617,981,23.3
42101024400,Census Tract 244; Philadelphia County; Pennsylvania,3210,2772,86.4,287,8.9,0,0.0,0,0.0,56912,867,27.0
42101024500,Census Tract 245; Philadelphia County; Pennsylvania,4904,4567,93.1,214,4.4,43,0.9,68,1.4,19589,2364,48.7
42101024600,Census Tract 246; Philadelphia County; Pennsylvania,2552,2092,82.0,350,13.7,0,0.0,55,2.2,34091,848,33.5
42101024700,Census Tract 247; Philadelphia County; Pennsylvania,4291,3944,91.9,258,6.0,10,0.2,82,1.9,40714,987,23.3
42101024800,Census Tract 248; Philadelphia County; Pennsylvania,2250,2104,93.5,43,1.9,0,0.0,0,0.0,43347,770,34.6
42101024900,Census Tract 249; Philadelphia County; Pennsylvania,2614,2442,93.4,61,2.3,0,0.0,0,0.0,28855,893,34.2
42101025200,Census Tract 252; Philadelphia County; Pennsylvania,8034,7007,87.2,720,9.0,30,0.4,467,5.8,27675,2272,29.4
42101025300,Census Tract 253; Philadelphia County; Pennsylvania,4771,4001,83.9,554,11.6,60,1.3,123,2.6,52207,761,16.1
42101025400,Census Tract 254; Philadelphia County; Pennsylvania,3784,3083,81.5,482,12.7,41,1.1,210,5.5,70234,419,11.2
42101025500,Census Tract 255; Philadelphia County; Pennsylvania,2808,1378,49.1,1105,39.4,72,2.6,17,0.6,71389,187,6.7
42101025600,Census Tract 256; Philadelphia County; Pennsylvania,2814,784,27.9,1647,58.5,84,3.0,332,11.8,99944,46,1.7
42101025700,Census Tract 257; Philadelphia County; Pennsylvania,3737,1427,38.2,1936,51.8,168,4.5,85,2.3,62516,297,7.9
42101025800,Census Tract 258; Philadelphia County; Pennsylvania,1845,1461,79.2,82,4.4,1,0.1,30,1.6,48100,293,15.9
42101025900,Census Tract 259; Philadelphia County; Pennsylvania,4311,4024,93.3,124,2.9,63,1.5,93,2.2,54229,546,12.9
42101026000,Census Tract 260; Philadelphia County; Pennsylvania,3058,2909,95.1,45,1.5,0,0.0,30,1.0,62651,440,14.4
42101026100,Census Tract 261; Philadelphia County; Pennsylvania,2886,2698,93.5,131,4.5,0,0.0,0,0.0,54132,133,4.7
42101026200,Census Tract 262; Philadelphia County; Pennsylvania,4013,3800,94.7,76,1.9,23,0.6,173,4.3,71943,723,18.0
42101026301,Census Tract 263.01; Philadelphia County; Pennsylvania,4007,3661,91.4,90,2.2,0,0.0,174,4.3,57992,617,15.4
42101026302,Census Tract 263.02; Philadelphia County; Pennsylvania,4550,4403,96.8,146,3.2,0,0.0,62,1.4,70182,428,9.4
42101026400,Census Tract 264; Philadelphia County; Pennsylvania,5674,5584,98.4,68,1.2,22,0.4,0,0.0,60107,536,9.5
42101026500,Census Tract 265; Philadelphia County; Pennsylvania,5370,5095,94.9,135,2.5,0,0.0,31,0.6,46181,1393,27.0
42101026600,Census Tract 266; Philadelphia County; Pennsylvania,7060,6625,93.8,54,0.8,0,0.0,1,0.0,39788,1531,21.9
42101026700,Census Tract 267; Philadelphia County; Pennsylvania,7518,7136,94.9,3,0.0,0,0.0,52,0.7,45667,1444,19.2
42101026800,Census Tract 268; Philadelphia County; Pennsylvania,4308,3270,75.9,404,9.4,119,2.8,305,7.1,45768,1095,27.2
42101026900,Census Tract 269; Philadelphia County; Pennsylvania,2431,1753,72.1,533,21.9,61,2.5,97,4.0,83857,297,14.2
42101027000,Census Tract 270; Philadelphia County; Pennsylvania,2688,2030,75.5,368,13.7,156,5.8,85,3.2,91882,200,7.6
42101027100,Census Tract 271; Philadelphia County; Pennsylvania,2609,1950,74.7,179,6.9,243,9.3,130,5.0,58296,258,10.2
42101027200,Census Tract 272; Philadelphia County; Pennsylvania,4782,3634,76.0,208,4.3,104,2.2,962,20.1,61146,972,20.3
42101027300,Census Tract 273; Philadelphia County; Pennsylvania,5601,2765,49.4,648,11.6,1294,23.1,629,11.2,40618,1449,25.9
42101027401,Census Tract 274.01; Philadelphia County; Pennsylvania,3223,1613,50.0,112,3.5,753,23.4,820,25.4,46952,803,24.9
42101027402,Census Tract 274.02; Philadelphia County; Pennsylvania,7055,4610,65.3,843,11.9,460,6.5,1376,19.5,61430,2332,33.1
42101027500,Census Tract 275; Philadelphia County; Pennsylvania,4667,3177,68.1,408,8.7,311,6.7,1324,28.4,54261,922,19.8
42101027600,Census Tract 276; Philadelphia County; Pennsylvania,4066,3284,80.8,67,1.6,147,3.6,513,12.6,44802,1117,27.5
42101027700,Census Tract 277; Philadelphia County; Pennsylvania,5197,4768,91.7,126,2.4,97,1.9,23,0.4,33944,1671,32.2
42101027800,Census Tract 278; Philadelphia County; Pennsylvania,5082,4856,95.6,138,2.7,3,0.1,55,1.1,37820,1092,21.5
42101027901,Census Tract 279.01; Philadelphia County; Pennsylvania,3256,3103,95.3,42,1.3,0,0.0,74,2.3,37813,926,28.4
42101027902,Census Tract 279.02; Philadelphia County; Pennsylvania,4912,2898,59.0,1437,29.3,181,3.7,490,10.0,43205,756,23.9
42101028000,Census Tract 280; Philadelphia County; Pennsylvania,4212,4060,96.4,46,1.1,0,0.0,155,3.7,34143,1185,28.4
42101028100,Census Tract 281; Philadelphia County; Pennsylvania,3976,3327,83.7,334,8.4,0,0.0,299,7.5,48750,1115,28.0
42101028200,Census Tract 282; Philadelphia County; Pennsylvania,4893,4392,89.8,211,4.3,169,3.5,216,4.4,20674,2259,47.5
42101028300,Census Tract 283; Philadelphia County; Pennsylvania,6545,5154,78.7,639,9.8,203,3.1,899,13.7,33307,3036,47.5
42101028400,Census Tract 284; Philadelphia County; Pennsylvania,3633,2714,74.7,340,9.4,483,13.3,347,9.6,24872,1729,48.1
42101028500,Census Tract 285; Philadelphia County; Pennsylvania,2625,821,31.3,47,1.8,490,18.7,1034,39.4,70417,1400,56.2
42101028600,Census Tract 286; Philadelphia County; Pennsylvania,6980,3919,56.1,276,4.0,329,4.7,2418,34.6,58350,1678,24.0
42101028700,Census Tract 287; Philadelphia County; Pennsylvania,2775,485,17.5,523,18.8,90,3.2,2152,77.5,32609,1501,54.3
42101028800,Census Tract 288; Philadelphia County; Pennsylvania,4662,1030,22.1,805,17.3,458,9.8,2959,63.5,40137,1553,33.3
42101028901,Census Tract 289.01; Philadelphia County; Pennsylvania,4015,425,10.6,1016,25.3,333,8.3,3145,78.3,31434,1288,32.1
42101028902,Census Tract 289.02; Philadelphia County; Pennsylvania,6431,2321,36.1,1369,21.3,719,11.2,3128,48.6,38759,2341,36.6
42101029000,Census Tract 290; Philadelphia County; Pennsylvania,8182,1972,24.1,1032,12.6,1967,24.0,3909,47.8,39878,1843,22.6
42101029100,Census Tract 291; Philadelphia County; Pennsylvania,4316,1648,38.2,437,10.1,895,20.7,1482,34.3,32746,1486,34.4
42101029200,Census Tract 292; Philadelphia County; Pennsylvania,4417,1346,30.5,1050,23.8,274,6.2,1789,40.5,82784,386,8.7
42101029300,Census Tract 293; Philadelphia County; Pennsylvania,3563,1422,39.9,969,27.2,0,0.0,1286,36.1,63048,1292,36.4
42101029400,Census Tract 294; Philadelphia County; Pennsylvania,3841,1680,43.7,854,22.2,76,2.0,1669,43.5,22649,2154,56.1
42101029800,Census Tract 298; Philadelphia County; Pennsylvania,5299,2459,46.4,1429,27.0,221,4.2,1990,37.6,37188,1900,36.4
42101029900,Census Tract 299; Philadelphia County; Pennsylvania,4475,2389,53.4,441,9.9,102,2.3,1864,41.7,33852,1815,40.6
42101030000,Census Tract 300; Philadelphia County; Pennsylvania,8294,4785,57.7,1975,23.8,21,0.3,2362,28.5,33205,3152,38.0
42101030100,Census Tract 301; Philadelphia County; Pennsylvania,6010,2400,39.9,1064,17.7,375,6.2,2222,37.0,23897,2654,44.2
42101030200,Census Tract 302; Philadelphia County; Pennsylvania,8013,3685,46.0,1866,23.3,161,2.0,2798,34.9,51000,1416,17.7
42101030501,Census Tract 305.01; Philadelphia County; Pennsylvania,4946,2592,52.4,392,7.9,212,4.3,1832,37.0,43673,1666,33.7
42101030502,Census Tract 305.02; Philadelphia County; Pennsylvania,7267,2897,39.9,1206,16.6,782,10.8,1334,18.4,62270,1227,16.9
42101030600,Census Tract 306; Philadelphia County; Pennsylvania,7192,2508,34.9,2706,37.6,471,6.5,1701,23.7,58231,809,11.5
42101030700,Census Tract 307; Philadelphia County; Pennsylvania,4387,1997,45.5,1235,28.2,111,2.5,994,22.7,56641,787,17.9
42101030800,Census Tract 308; Philadelphia County; Pennsylvania,5338,1177,22.0,1932,36.2,959,18.0,1403,26.3,59732,510,9.6
42101030900,Census Tract 309; Philadelphia County; Pennsylvania,4459,2095,47.0,1119,25.1,340,7.6,723,16.2,53088,758,17.0
42101031000,Census Tract 310; Philadelphia County; Pennsylvania,7860,1761,22.4,3207,40.8,1693,21.5,1679,21.4,53914,2087,27.1
42101031101,Census Tract 311.01; Philadelphia County; Pennsylvania,4551,1326,29.1,1352,29.7,638,14.0,1316,28.9,48663,1098,24.1
42101031102,Census Tract 311.02; Philadelphia County; Pennsylvania,4748,2296,48.4,766,16.1,191,4.0,2318,48.8,50927,738,15.6
42101031200,Census Tract 312; Philadelphia County; Pennsylvania,5125,3504,68.4,781,15.2,277,5.4,1570,30.6,56662,695,13.6
42101031300,Census Tract 313; Philadelphia County; Pennsylvania,7227,1872,25.9,2322,32.1,1410,19.5,1744,24.1,66521,1405,19.4
42101031401,Census Tract 314.01; Philadelphia County; Pennsylvania,7461,764,10.2,2957,39.6,1308,17.5,2463,33.0,55864,1987,27.0
42101031402,Census Tract 314.02; Philadelphia County; Pennsylvania,6039,758,12.6,1486,24.6,1777,29.4,1794,29.7,53633,1641,27.3
42101031501,Census Tract 315.01; Philadelphia County; Pennsylvania,7479,146,2.0,3370,45.1,2154,28.8,1866,24.9,57310,1436,19.5
42101031502,Census Tract 315.02; Philadelphia County; Pennsylvania,3700,228,6.2,1604,43.4,1165,31.5,645,17.4,44593,467,12.7
42101031600,Census Tract 316; Philadelphia County; Pennsylvania,6236,954,15.3,2587,41.5,1607,25.8,1341,21.5,53167,1348,21.8
42101031700,Census Tract 317; Philadelphia County; Pennsylvania,6109,664,10.9,2157,35.3,591,9.7,2407,39.4,36758,1419,23.3
42101031800,Census Tract 318; Philadelphia County; Pennsylvania,4086,1652,40.4,1122,27.5,357,8.7,1072,26.2,58607,871,21.3
42101031900,Census Tract 319; Philadelphia County; Pennsylvania,5354,2042,38.1,1859,34.7,166,3.1,1417,26.5,47843,1706,31.9
42101032000,Census Tract 320; Philadelphia County; Pennsylvania,7873,568,7.2,4701,59.7,88,1.1,2983,37.9,58213,1714,21.8
42101032100,Census Tract 321; Philadelphia County; Pennsylvania,3801,826,21.7,1633,43.0,25,0.7,1297,34.1,48088,889,23.4
42101032300,Census Tract 323; Philadelphia County; Pennsylvania,3302,991,30.0,1230,37.3,98,3.0,1110,33.6,34667,1151,34.9
42101032500,Census Tract 325; Philadelphia County; Pennsylvania,6195,1075,17.4,2771,44.7,850,13.7,1092,17.6,50876,1433,23.4
42101032600,Census Tract 326; Philadelphia County; Pennsylvania,7012,712,10.2,4511,64.3,868,12.4,789,11.3,70711,743,10.6
42101032900,Census Tract 329; Philadelphia County; Pennsylvania,3656,604,16.5,1762,48.2,316,8.6,1118,30.6,46914,533,14.6
42101033000,Census Tract 330; Philadelphia County; Pennsylvania,10323,2361,22.9,4553,44.1,553,5.4,3299,32.0,68227,3058,30.4
42101033101,Census Tract 331.01; Philadelphia County; Pennsylvania,5402,1389,25.7,2749,50.9,397,7.3,945,17.5,70882,1278,23.7
42101033102,Census Tract 331.02; Philadelphia County; Pennsylvania,3891,384,9.9,2730,70.2,55,1.4,555,14.3,83145,508,13.1
42101033200,Census Tract 332; Philadelphia County; Pennsylvania,3077,122,4.0,1397,45.4,1176,38.2,407,13.2,80409,544,17.8
42101033300,Census Tract 333; Philadelphia County; Pennsylvania,3730,397,10.6,2447,65.6,505,13.5,349,9.4,49178,441,13.9
42101033400,Census Tract 334; Philadelphia County; Pennsylvania,5457,1099,20.1,2576,47.2,1093,20.0,718,13.2,54267,1150,22.4
42101033500,Census Tract 335; Philadelphia County; Pennsylvania,4077,1011,24.8,1486,36.4,683,16.8,476,11.7,56151,844,20.9
42101033600,Census Tract 336; Philadelphia County; Pennsylvania,6285,507,8.1,4099,65.2,1255,20.0,844,13.4,46797,2017,32.1
42101033701,Census Tract 337.01; Philadelphia County; Pennsylvania,6779,1505,22.2,3335,49.2,938,13.8,813,12.0,51319,1452,21.5
42101033702,Census Tract 337.02; Philadelphia County; Pennsylvania,4489,681,15.2,2497,55.6,700,15.6,332,7.4,78689,339,7.6
42101033800,Census Tract 338; Philadelphia County; Pennsylvania,6526,865,13.3,4642,71.1,312,4.8,1068,16.4,67160,530,8.2
42101033900,Census Tract 339; Philadelphia County; Pennsylvania,3066,1090,35.6,1483,48.4,42,1.4,512,16.7,55636,529,17.3
42101034000,Census Tract 340; Philadelphia County; Pennsylvania,3185,403,12.7,2175,68.3,346,10.9,514,16.1,99181,29,0.9
42101034100,Census Tract 341; Philadelphia County; Pennsylvania,5828,172,3.0,4284,73.5,705,12.1,790,13.6,69623,636,10.9
42101034200,Census Tract 342; Philadelphia County; Pennsylvania,3621,812,22.4,2436,67.3,188,5.2,215,5.9,62686,430,12.2
42101034400,Census Tract 344; Philadelphia County; Pennsylvania,8014,488,6.1,5947,74.2,1094,13.7,679,8.5,106059,371,4.8
42101034501,Census Tract 345.01; Philadelphia County; Pennsylvania,4955,704,14.2,2656,53.6,966,19.5,470,9.5,44094,904,18.2
42101034502,Census Tract 345.02; Philadelphia County; Pennsylvania,5299,1096,20.7,2707,51.1,1237,23.3,330,6.2,55439,747,14.3
42101034600,Census Tract 346; Philadelphia County; Pennsylvania,2679,789,29.5,1319,49.2,91,3.4,611,22.8,54737,194,7.2
42101034701,Census Tract 347.01; Philadelphia County; Pennsylvania,7628,1101,14.4,4089,53.6,1379,18.1,1221,16.0,75765,762,10.0
42101034702,Census Tract 347.02; Philadelphia County; Pennsylvania,3475,439,12.6,2589,74.5,183,5.3,232,6.7,100129,231,6.7
42101034801,Census Tract 348.01; Philadelphia County; Pennsylvania,4719,192,4.1,4105,87.0,199,4.2,387,8.2,65673,521,11.1
42101034802,Census Tract 348.02; Philadelphia County; Pennsylvania,5716,1337,23.4,3634,63.6,0,0.0,638,11.2,70417,429,7.5
42101034803,Census Tract 348.03; Philadelphia County; Pennsylvania,3941,97,2.5,3329,84.5,102,2.6,230,5.8,84336,503,12.8
42101034900,Census Tract 349; Philadelphia County; Pennsylvania,5398,1558,28.9,2614,48.4,253,4.7,1291,23.9,59563,909,16.8
42101035100,Census Tract 351; Philadelphia County; Pennsylvania,3852,439,11.4,2954,76.7,176,4.6,209,5.4,70000,584,15.7
42101035200,Census Tract 352; Philadelphia County; Pennsylvania,4578,240,5.2,3992,87.2,281,6.1,245,5.4,77500,262,6.0
42101035301,Census Tract 353.01; Philadelphia County; Pennsylvania,5111,73,1.4,4298,84.1,114,2.2,617,12.1,87083,191,3.8
42101035302,Census Tract 353.02; Philadelphia County; Pennsylvania,4691,478,10.2,3202,68.3,350,7.5,335,7.1,74000,330,7.0
42101035500,Census Tract 355; Philadelphia County; Pennsylvania,7591,464,6.1,5094,67.1,1759,23.2,406,5.3,65553,1104,14.7
42101035601,Census Tract 356.01; Philadelphia County; Pennsylvania,5287,231,4.4,3530,66.8,882,16.7,672,12.7,59257,382,7.5
42101035602,Census Tract 356.02; Philadelphia County; Pennsylvania,3579,264,7.4,2141,59.8,1025,28.6,318,8.9,105024,110,3.1
42101035701,Census Tract 357.01; Philadelphia County; Pennsylvania,4771,299,6.3,2374,49.8,1578,33.1,328,6.9,59013,553,11.6
42101035702,Census Tract 357.02; Philadelphia County; Pennsylvania,4781,45,0.9,3609,75.5,629,13.2,43,0.9,63115,984,20.6
42101035800,Census Tract 358; Philadelphia County; Pennsylvania,6152,244,4.0,4069,66.1,1250,20.3,245,4.0,58979,849,13.9
42101035900,Census Tract 359; Philadelphia County; Pennsylvania,4952,87,1.8,3245,65.5,1223,24.7,365,7.4,47593,869,17.5
42101036000,Census Tract 360; Philadelphia County; Pennsylvania,3437,627,18.2,1815,52.8,806,23.5,116,3.4,60598,565,18.6
42101036100,Census Tract 361; Philadelphia County; Pennsylvania,4160,1601,38.5,2319,55.7,109,2.6,247,5.9,81354,199,4.8
42101036201,Census Tract 362.01; Philadelphia County; Pennsylvania,5299,139,2.6,4522,85.3,97,1.8,384,7.2,88472,674,12.7
42101036202,Census Tract 362.02; Philadelphia County; Pennsylvania,5856,241,4.1,4884,83.4,470,8.0,506,8.6,90043,322,5.5
42101036203,Census Tract 362.03; Philadelphia County; Pennsylvania,4788,28,0.6,4259,89.0,341,7.1,268,5.6,80833,247,5.2
42101036301,Census Tract 363.01; Philadelphia County; Pennsylvania,4073,163,4.0,2662,65.4,923,22.7,462,11.3,92578,659,16.2
42101036302,Census Tract 363.02; Philadelphia County; Pennsylvania,4111,821,20.0,2888,70.3,10,0.2,630,15.3,76910,410,10.1
42101036303,Census Tract 363.03; Philadelphia County; Pennsylvania,6840,507,7.4,5779,84.5,102,1.5,396,5.8,108414,315,4.6
42101036400,Census Tract 364; Philadelphia County; Pennsylvania,1004,152,15.1,814,81.1,9,0.9,47,4.7,102143,237,27.6
42101036501,Census Tract 365.01; Philadelphia County; Pennsylvania,4831,739,15.3,3144,65.1,849,17.6,128,2.6,77910,638,13.7
42101036502,Census Tract 365.02; Philadelphia County; Pennsylvania,4284,26,0.6,3749,87.5,99,2.3,321,7.5,93879,211,4.9
42101036600,Census Tract 366; Philadelphia County; Pennsylvania,2240,121,5.4,1706,76.2,302,13.5,277,12.4,156061,67,3.0
42101036700,Census Tract 367; Philadelphia County; Pennsylvania,3611,235,6.5,2772,76.8,311,8.6,179,5.0,172610,366,10.1
42101036901,Census Tract 369.01; Philadelphia County; Pennsylvania,25,25,100.0,0,0.0,0,0.0,0,0.0,-666666666,0,
42101036902,Census Tract 369.02; Philadelphia County; Pennsylvania,6267,872,13.9,3409,54.4,1448,23.1,357,5.7,29464,801,43.9
42101037200,Census Tract 372; Philadelphia County; Pennsylvania,3918,191,4.9,2062,52.6,1038,26.5,243,6.2,66431,729,18.6
42101037300,Census Tract 373; Philadelphia County; Pennsylvania,6427,964,15.0,5193,80.8,246,3.8,683,10.6,113974,365,5.7
42101037500,Census Tract 375; Philadelphia County; Pennsylvania,3700,1532,41.4,1602,43.3,343,9.3,146,3.9,76439,548,16.9
42101037600,Census Tract 376; Philadelphia County; Pennsylvania,3304,584,17.7,1748,52.9,721,21.8,282,8.5,101268,680,21.1
42101037700,Census Tract 377; Philadelphia County; Pennsylvania,5349,2064,38.6,2121,39.7,302,5.6,808,15.1,22244,1851,51.3
42101037800,Census Tract 378; Philadelphia County; Pennsylvania,2215,49,2.2,1928,87.0,114,5.1,74,3.3,60000,268,12.1
42101037900,Census Tract 379; Philadelphia County; Pennsylvania,5105,8,0.2,4671,91.5,112,2.2,333,6.5,69198,1039,20.4
42101038000,Census Tract 380; Philadelphia County; Pennsylvania,2545,217,8.5,1611,63.3,38,1.5,900,35.4,59167,403,15.8
42101038100,Census Tract 381; Philadelphia County; Pennsylvania,780,123,15.8,429,55.0,9,1.2,176,22.6,36776,210,26.9
42101038200,Census Tract 382; Philadelphia County; Pennsylvania,2819,167,5.9,1729,61.3,0,0.0,950,33.7,40837,879,31.2
42101038301,Census Tract 383.01; Philadelphia County; Pennsylvania,2356,1086,46.1,185,7.9,0,0.0,1109,47.1,-666666666,907,44.8
42101038400,Census Tract 384; Philadelphia County; Pennsylvania,2529,289,11.4,1909,75.5,125,4.9,86,3.4,107037,48,1.9
42101038500,Census Tract 385; Philadelphia County; Pennsylvania,1843,44,2.4,1639,88.9,98,5.3,13,0.7,114265,85,4.8
42101038600,Census Tract 386; Philadelphia County; Pennsylvania,1395,245,17.6,1009,72.3,54,3.9,53,3.8,164167,18,1.3
42101038700,Census Tract 387; Philadelphia County; Pennsylvania,2559,345,13.5,1952,76.3,147,5.7,44,1.7,125625,152,8.2
42101038800,Census Tract 388; Philadelphia County; Pennsylvania,3956,904,22.9,2452,62.0,96,2.4,187,4.7,107891,199,5.1
42101038900,Census Tract 389; Philadelphia County; Pennsylvania,3429,2802,81.7,255,7.4,0,0.0,101,2.9,58514,674,19.8
42101039001,Census Tract 390.01; Philadelphia County; Pennsylvania,4047,2187,54.0,307,7.6,0,0.0,1497,37.0,39629,1692,42.4
42101039002,Census Tract 390.02; Philadelphia County; Pennsylvania,4685,1499,32.0,1683,35.9,133,2.8,2838,60.6,61141,1570,33.5
42101039100,Census Tract 391; Philadelphia County; Pennsylvania,3248,3174,97.7,15,0.5,0,0.0,82,2.5,30573,1762,54.2
42101980001,Census Tract 9800.01; Philadelphia County; Pennsylvania,0,0,,0,,0,,0,,-666666666,0,
42101980002,Census Tract 9800.02; Philadelphia County; Pennsylvania,0,0,,0,,0,,0,,-666666666,0,
42101980003,Census Tract 9800.03; Philadelphia County; Pennsylvania,0,0,,0,,0,,0,,-666666666,0,
42101980100,Census Tract 9801; Philadelphia County; Pennsylvania,307,5,1.6,288,93.8,0,0.0,0,0.0,103727,0,0.0
42101980200,Census Tract 9802; Philadelphia County; Pennsylvania,405,110,27.2,260,64.2,2,0.5,53,13.1,-666666666,25,37.9
42101980300,Census Tract 9803; Philadelphia County; Pennsylvania,0,0,,0,,0,,0,,-666666666,0,
42101980400,Census Tract 9804; Philadelphia County; Pennsylvania,0,0,,0,,0,,0,,-666666666,0,
42101980500,Census Tract 9805; Philadelphia County; Pennsylvania,0,0,,0,,0,,0,,-666666666,0,
42101980600,Census Tract 9806; Philadelphia County; Pennsylvania,0,0,,0,,0,,0,,-666666666,0,
42101980701,Census Tract 9807.01; Philadelphia County; Pennsylvania,0,0,,0,,0,,0,,-666666666,0,
42101980702,Census Tract 9807.02; Philadelphia County; Pennsylvania,0,0,,0,,0,,0,,-666666666,0,
42101980800,Census Tract 9808; Philadelphia County; Pennsylvania,0,0,,0,,0,,0,,-666666666,0,
42101980901,Census Tract 9809.01; Philadelphia County; Pennsylvania,0,0,,0,,0,,0,,-666666666,0,
42101980902,Census Tract 9809.02; Philadelphia County; Pennsylvania,0,0,,0,,0,,0,,-666666666,0,
42101980903,Census Tract 9809.03; Philadelphia County; Pennsylvania,0,0,,0,,0,,0,,-666666666,0,
42101980904,Census Tract 9809.04; Philadelphia County; Pennsylvania,0,0,,0,,0,,0,,-666666666,0,
42101980905,Census Tract 9809.05; Philadelphia County; Pennsylvania,0,0,,0,,0,,0,,-666666666,0,
42101980906,Census Tract 9809.06; Philadelphia County; Pennsylvania,0,0,,0,,0,,0,,-666666666,0,
42101989100,Census Tract 9891; Philadelphia County; Pennsylvania,1265,891,70.4,151,11.9,19,1.5,232,18.3,-666666666,6,15.8
42101989200,Census Tract 9892; Philadelphia County; Pennsylvania,0,0,,0,,0,,0,,-666666666,0,
42101989300,Census Tract 9893; Philadelphia County; Pennsylvania,127,76,59.8,46,36.2,2,1.6,5,3.9,-666666666,0,
